BRANCH_ID,BRANCHNAME
BR0001,AC Cars Motors
BR0003,AC Cars Motors
BR0004,AC Cars Motors
BR0005,AC Cars Motors
BR0006,AC Cars Motors
BR0008,AC Cars Motors
BR0009,AC Cars Motors
BR0010,AC Cars Motors
BR0011,Acura Motors
BR0012,Acura Motors
BR0013,Acura Motors
BR0014,Acura Motors
BR0015,Acura Motors
BR0017,Acura Motors
BR0018,Acura Motors
BR0019,Acura Motors
BR0020,Acura Motors
BR0021,Aixam-Mega (including Arola) Motors
BR0024,Aixam-Mega (including Arola) Motors
BR0025,Aixam-Mega (including Arola) Motors
BR0027,Aixam-Mega (including Arola) Motors
BR0028,Aixam-Mega (including Arola) Motors
BR0029,Aixam-Mega (including Arola) Motors
BR0031,Alfa Romeo Motors
BR0032,Alfa Romeo Motors
BR0033,Alfa Romeo Motors
BR0035,Alfa Romeo Motors
BR0037,Alfa Romeo Motors
BR0038,Alfa Romeo Motors
BR0040,Alfa Romeo Motors
BR0041,Alpine Motors
BR0042,Alpine Motors
BR0043,Alpine Motors
BR0044,Alpine Motors
BR0045,Alpine Motors
BR0047,Alpine Motors
BR0048,Alpine Motors
BR0049,Alpine Motors
BR0050,Alpine Motors
BR0051,Alvis Motors
BR0052,Alvis Motors
BR0053,Alvis Motors
BR0054,Alvis Motors
BR0055,Alvis Motors
BR0057,Alvis Motors
BR0058,Alvis Motors
BR0059,Alvis Motors
BR0060,Alvis Motors
BR0061,"AMC, Eagle Motors"
BR0064,"AMC, Eagle Motors"
BR0065,"AMC, Eagle Motors"
BR0066,Acura Motors
BR0067,"AMC, Eagle Motors"
BR0068,"AMC, Eagle Motors"
BR0069,"AMC, Eagle Motors"
BR0070,"AMC, Eagle Motors"
BR0071,Anadol Motors
BR0072,Anadol Motors
BR0073,Anadol Motors
BR0074,Anadol Motors
BR0075,Anadol Motors
BR0077,Anadol Motors
BR0078,Anadol Motors
BR0080,Anadol Motors
BR0081,Ariel Motors
BR0082,Ariel Motors
BR0083,Ariel Motors
BR0084,Ariel Motors
BR0085,Ariel Motors
BR0087,Ariel Motors
BR0089,Ariel Motors
BR0090,Ariel Motors
BR0092,ARO Motors
BR0094,ARO Motors
BR0095,ARO Motors
BR0098,ARO Motors
BR0101,Artega Motors
BR0102,Artega Motors
BR0103,Artega Motors
BR0104,Artega Motors
BR0108,Artega Motors
BR0111,Asia Motors Motors
BR0112,Asia Motors Motors
BR0114,Asia Motors Motors
BR0115,Asia Motors Motors
BR0117,Asia Motors Motors
BR0118,Asia Motors Motors
BR0119,Asia Motors Motors
BR0120,Asia Motors Motors
BR0121,Aston Martin Motors
BR0122,Aston Martin Motors
BR0123,Aston Martin Motors
BR0125,Aston Martin Motors
BR0126,Aixam-Mega (including Arola) Motors
BR0127,Aston Martin Motors
BR0128,Aston Martin Motors
BR0129,Aston Martin Motors
BR0130,Aston Martin Motors
BR0131,Audi Motors
BR0135,Audi Motors
BR0138,Audi Motors
BR0139,Audi Motors
BR0140,Audi Motors
BR0141,Autobianchi Motors
BR0143,Autobianchi Motors
BR0144,Autobianchi Motors
BR0145,Autobianchi Motors
BR0151,Auto-Union Motors
BR0152,Auto-Union Motors
BR0153,Auto-Union Motors
BR0154,Auto-Union Motors
BR0158,Auto-Union Motors
BR0159,Auto-Union Motors
BR0160,Auto-Union Motors
BR0161,Auverland Motors
BR0163,Auverland Motors
BR0164,Auverland Motors
BR0165,Auverland Motors
BR0168,Auverland Motors
BR0169,Auverland Motors
BR0170,Auverland Motors
BR0171,Bentley Motors
BR0172,Bentley Motors
BR0173,Bentley Motors
BR0175,Bentley Motors
BR0179,Bentley Motors
BR0180,Bentley Motors
BR0181,Bitter Motors
BR0182,Bitter Motors
BR0183,Bitter Motors
BR0185,Bitter Motors
BR0186,Alfa Romeo Motors
BR0188,Bitter Motors
BR0189,Bitter Motors
BR0191,BMW Motors
BR0192,BMW Motors
BR0193,BMW Motors
BR0194,BMW Motors
BR0195,BMW Motors
BR0197,BMW Motors
BR0198,BMW Motors
BR0199,BMW Motors
BR0200,BMW Motors
BR0201,Bond Motors
BR0202,Bond Motors
BR0203,Bond Motors
BR0204,Bond Motors
BR0205,Bond Motors
BR0208,Bond Motors
BR0211,Borgward (including Goliath and Lloyd) Motors
BR0212,Borgward (including Goliath and Lloyd) Motors
BR0213,Borgward (including Goliath and Lloyd) Motors
BR0214,Borgward (including Goliath and Lloyd) Motors
BR0215,Borgward (including Goliath and Lloyd) Motors
BR0217,Borgward (including Goliath and Lloyd) Motors
BR0218,Borgward (including Goliath and Lloyd) Motors
BR0219,Borgward (including Goliath and Lloyd) Motors
BR0220,Borgward (including Goliath and Lloyd) Motors
BR0221,Bristol Motors
BR0222,Bristol Motors
BR0223,Bristol Motors
BR0224,Bristol Motors
BR0225,Bristol Motors
BR0227,Bristol Motors
BR0228,Bristol Motors
BR0229,Bristol Motors
BR0230,Bristol Motors
BR0231,British Leyland Motors
BR0232,British Leyland Motors
BR0234,British Leyland Motors
BR0235,British Leyland Motors
BR0237,British Leyland Motors
BR0239,British Leyland Motors
BR0240,British Leyland Motors
BR0243,Austin-Healey Motors
BR0247,Austin-Healey Motors
BR0249,Austin-Healey Motors
BR0251,"Austin, Rover Motors"
BR0252,"Austin, Rover Motors"
BR0253,"Austin, Rover Motors"
BR0254,"Austin, Rover Motors"
BR0255,"Austin, Rover Motors"
BR0260,"Austin, Rover Motors"
BR0262,Bugatti Motors
BR0264,Bugatti Motors
BR0265,Bugatti Motors
BR0267,Bugatti Motors
BR0268,Bugatti Motors
BR0269,Bugatti Motors
BR0270,Bugatti Motors
BR0271,Buick Motors
BR0272,Buick Motors
BR0274,Buick Motors
BR0275,Buick Motors
BR0277,Buick Motors
BR0278,Buick Motors
BR0279,Buick Motors
BR0280,Buick Motors
BR0283,Bytom Motors
BR0285,Bytom Motors
BR0290,Bytom Motors
BR0291,Cadillac Motors
BR0293,Cadillac Motors
BR0294,Cadillac Motors
BR0295,Cadillac Motors
BR0297,Cadillac Motors
BR0298,Cadillac Motors
BR0299,Cadillac Motors
BR0300,Cadillac Motors
BR0301,Caterham Motors
BR0302,Caterham Motors
BR0303,Caterham Motors
BR0304,Caterham Motors
BR0305,Caterham Motors
BR0306,Alvis Motors
BR0308,Caterham Motors
BR0309,Caterham Motors
BR0310,Caterham Motors
BR0311,Checker Motors
BR0313,Checker Motors
BR0315,Checker Motors
BR0317,Checker Motors
BR0318,Checker Motors
BR0321,Chevrolet Motors
BR0322,Chevrolet Motors
BR0323,Chevrolet Motors
BR0324,Chevrolet Motors
BR0328,Chevrolet Motors
BR0329,Chevrolet Motors
BR0331,Chevrolet India Motors
BR0332,Chevrolet India Motors
BR0333,Chevrolet India Motors
BR0334,Chevrolet India Motors
BR0337,Chevrolet India Motors
BR0338,Chevrolet India Motors
BR0339,Chevrolet India Motors
BR0341,Chrysler Motors
BR0342,Chrysler Motors
BR0344,Chrysler Motors
BR0347,Chrysler Motors
BR0349,Chrysler Motors
BR0350,Chrysler Motors
BR0351,Chrysler Europe Motors
BR0352,Chrysler Europe Motors
BR0353,Chrysler Europe Motors
BR0354,Chrysler Europe Motors
BR0357,Chrysler Europe Motors
BR0359,Chrysler Europe Motors
BR0360,Chrysler Europe Motors
BR0362,Citroân Motors
BR0363,Citroân Motors
BR0364,Citroân Motors
BR0367,Citroân Motors
BR0368,Citroân Motors
BR0369,Citroân Motors
BR0371,Cizeta-Moroder Motors
BR0372,Cizeta-Moroder Motors
BR0375,Cizeta-Moroder Motors
BR0378,Cizeta-Moroder Motors
BR0379,Cizeta-Moroder Motors
BR0380,Cizeta-Moroder Motors
BR0381,Dacia Motors
BR0382,Dacia Motors
BR0383,Dacia Motors
BR0384,Dacia Motors
BR0385,Dacia Motors
BR0387,Dacia Motors
BR0388,Dacia Motors
BR0391,"Daewoo, Saehan, Chevrolet Korea Motors"
BR0392,"Daewoo, Saehan, Chevrolet Korea Motors"
BR0393,"Daewoo, Saehan, Chevrolet Korea Motors"
BR0395,"Daewoo, Saehan, Chevrolet Korea Motors"
BR0397,"Daewoo, Saehan, Chevrolet Korea Motors"
BR0399,"Daewoo, Saehan, Chevrolet Korea Motors"
BR0400,"Daewoo, Saehan, Chevrolet Korea Motors"
BR0402,DAF Motors
BR0403,DAF Motors
BR0404,DAF Motors
BR0405,DAF Motors
BR0407,DAF Motors
BR0408,DAF Motors
BR0409,DAF Motors
BR0410,DAF Motors
BR0411,Daihatsu Motors
BR0412,Daihatsu Motors
BR0413,Daihatsu Motors
BR0414,Daihatsu Motors
BR0415,Daihatsu Motors
BR0417,Daihatsu Motors
BR0418,Daihatsu Motors
BR0419,Daihatsu Motors
BR0420,Daihatsu Motors
BR0422,Daimler Motors
BR0423,Daimler Motors
BR0424,Daimler Motors
BR0426,Anadol Motors
BR0427,Daimler Motors
BR0429,Daimler Motors
BR0432,Datsun Motors
BR0433,Datsun Motors
BR0434,Datsun Motors
BR0435,Datsun Motors
BR0438,Datsun Motors
BR0439,Datsun Motors
BR0441,Delahaye Motors
BR0442,Delahaye Motors
BR0443,Delahaye Motors
BR0444,Delahaye Motors
BR0445,Delahaye Motors
BR0447,Delahaye Motors
BR0450,Delahaye Motors
BR0451,DeLorean Motors
BR0452,DeLorean Motors
BR0454,DeLorean Motors
BR0455,DeLorean Motors
BR0457,DeLorean Motors
BR0458,DeLorean Motors
BR0459,DeLorean Motors
BR0460,DeLorean Motors
BR0461,DeSoto Motors
BR0462,DeSoto Motors
BR0463,DeSoto Motors
BR0464,DeSoto Motors
BR0468,DeSoto Motors
BR0469,DeSoto Motors
BR0470,DeSoto Motors
BR0471,De Tomaso Motors
BR0473,De Tomaso Motors
BR0474,De Tomaso Motors
BR0477,De Tomaso Motors
BR0479,De Tomaso Motors
BR0481,Dodge Motors
BR0482,Dodge Motors
BR0483,Dodge Motors
BR0484,Dodge Motors
BR0485,Dodge Motors
BR0486,Ariel Motors
BR0487,Dodge Motors
BR0488,Dodge Motors
BR0490,Dodge Motors
BR0491,Donkervoort Motors
BR0492,Donkervoort Motors
BR0493,Donkervoort Motors
BR0494,Donkervoort Motors
BR0497,Donkervoort Motors
BR0498,Donkervoort Motors
BR0500,Donkervoort Motors
BR0501,Edsel Motors
BR0502,Edsel Motors
BR0504,Edsel Motors
BR0505,Edsel Motors
BR0509,Edsel Motors
BR0512,e.GO Mobile Motors
BR0513,e.GO Mobile Motors
BR0514,e.GO Mobile Motors
BR0515,e.GO Mobile Motors
BR0517,e.GO Mobile Motors
BR0519,e.GO Mobile Motors
BR0520,e.GO Mobile Motors
BR0521,Eicher Polaris Motors
BR0523,Eicher Polaris Motors
BR0524,Eicher Polaris Motors
BR0525,Eicher Polaris Motors
BR0527,Eicher Polaris Motors
BR0528,Eicher Polaris Motors
BR0531,Elva Motors
BR0533,Elva Motors
BR0534,Elva Motors
BR0537,Elva Motors
BR0538,Elva Motors
BR0539,Elva Motors
BR0542,Facel Vega Motors
BR0544,Facel Vega Motors
BR0546,ARO Motors
BR0551,Ferrari Motors
BR0552,Ferrari Motors
BR0553,Ferrari Motors
BR0555,Ferrari Motors
BR0559,Ferrari Motors
BR0561,Fiat Motors
BR0562,Fiat Motors
BR0565,Fiat Motors
BR0567,Fiat Motors
BR0568,Fiat Motors
BR0569,Fiat Motors
BR0572,Fiat do Brasil Motors
BR0573,Fiat do Brasil Motors
BR0575,Fiat do Brasil Motors
BR0577,Fiat do Brasil Motors
BR0578,Fiat do Brasil Motors
BR0579,Fiat do Brasil Motors
BR0581,Fiat India Motors
BR0584,Fiat India Motors
BR0585,Fiat India Motors
BR0588,Fiat India Motors
BR0590,Fiat India Motors
BR0591,"Fisker, Karma Motors"
BR0592,"Fisker, Karma Motors"
BR0598,"Fisker, Karma Motors"
BR0599,"Fisker, Karma Motors"
BR0600,"Fisker, Karma Motors"
BR0601,Ford America Motors
BR0602,Ford America Motors
BR0604,Ford America Motors
BR0605,Ford America Motors
BR0606,Artega Motors
BR0607,Ford America Motors
BR0608,Ford America Motors
BR0610,Ford America Motors
BR0611,Ford Australia Motors
BR0613,Ford Australia Motors
BR0614,Ford Australia Motors
BR0615,Ford Australia Motors
BR0617,Ford Australia Motors
BR0619,Ford Australia Motors
BR0620,Ford Australia Motors
BR0621,Ford do Brasil Motors
BR0623,Ford do Brasil Motors
BR0624,Ford do Brasil Motors
BR0625,Ford do Brasil Motors
BR0627,Ford do Brasil Motors
BR0629,Ford do Brasil Motors
BR0631,Ford Europe Motors
BR0633,Ford Europe Motors
BR0634,Ford Europe Motors
BR0635,Ford Europe Motors
BR0637,Ford Europe Motors
BR0638,Ford Europe Motors
BR0640,Ford Europe Motors
BR0641,Ford India Motors
BR0642,Ford India Motors
BR0643,Ford India Motors
BR0645,Ford India Motors
BR0647,Ford India Motors
BR0649,Ford India Motors
BR0650,Ford India Motors
BR0651,Freightliner Motors
BR0653,Freightliner Motors
BR0654,Freightliner Motors
BR0655,Freightliner Motors
BR0657,Freightliner Motors
BR0658,Freightliner Motors
BR0660,Freightliner Motors
BR0661,FSO Motors
BR0662,FSO Motors
BR0663,FSO Motors
BR0665,FSO Motors
BR0666,Asia Motors Motors
BR0667,FSO Motors
BR0668,FSO Motors
BR0669,FSO Motors
BR0672,GAZ Motors
BR0673,GAZ Motors
BR0675,GAZ Motors
BR0678,GAZ Motors
BR0680,GAZ Motors
BR0681,Geo Motors
BR0682,Geo Motors
BR0685,Geo Motors
BR0687,Geo Motors
BR0688,Geo Motors
BR0690,Geo Motors
BR0691,Gilbern Motors
BR0692,Gilbern Motors
BR0693,Gilbern Motors
BR0694,Gilbern Motors
BR0695,Gilbern Motors
BR0697,Gilbern Motors
BR0698,Gilbern Motors
BR0699,Gilbern Motors
BR0700,Gilbern Motors
BR0701,Ginetta Motors
BR0702,Ginetta Motors
BR0703,Ginetta Motors
BR0704,Ginetta Motors
BR0707,Ginetta Motors
BR0708,Ginetta Motors
BR0709,Ginetta Motors
BR0710,Ginetta Motors
BR0711,Glas Motors
BR0712,Glas Motors
BR0713,Glas Motors
BR0714,Glas Motors
BR0715,Glas Motors
BR0717,Glas Motors
BR0718,Glas Motors
BR0719,Glas Motors
BR0720,Glas Motors
BR0721,GMC Motors
BR0722,GMC Motors
BR0723,GMC Motors
BR0724,GMC Motors
BR0726,Aston Martin Motors
BR0727,GMC Motors
BR0728,GMC Motors
BR0730,GMC Motors
BR0731,GTA Spano Motors
BR0732,GTA Spano Motors
BR0734,GTA Spano Motors
BR0735,GTA Spano Motors
BR0738,GTA Spano Motors
BR0739,GTA Spano Motors
BR0741,Gumpert Motors
BR0742,Gumpert Motors
BR0744,Gumpert Motors
BR0745,Gumpert Motors
BR0747,Gumpert Motors
BR0748,Gumpert Motors
BR0751,Healey Motors
BR0752,Healey Motors
BR0753,Healey Motors
BR0755,Healey Motors
BR0757,Healey Motors
BR0759,Healey Motors
BR0760,Healey Motors
BR0762,Heinkel Motors
BR0764,Heinkel Motors
BR0765,Heinkel Motors
BR0767,Heinkel Motors
BR0768,Heinkel Motors
BR0769,Heinkel Motors
BR0770,Heinkel Motors
BR0771,Hennessey Motors
BR0773,Hennessey Motors
BR0774,Hennessey Motors
BR0775,Hennessey Motors
BR0778,Hennessey Motors
BR0781,Hillman Motors
BR0783,Hillman Motors
BR0784,Hillman Motors
BR0785,Hillman Motors
BR0786,Audi Motors
BR0787,Hillman Motors
BR0789,Hillman Motors
BR0790,Hillman Motors
BR0791,Hindustan Motors
BR0792,Hindustan Motors
BR0793,Hindustan Motors
BR0794,Hindustan Motors
BR0797,Hindustan Motors
BR0798,Hindustan Motors
BR0801,Holden Motors
BR0802,Holden Motors
BR0803,Holden Motors
BR0804,Holden Motors
BR0805,Holden Motors
BR0807,Holden Motors
BR0810,Holden Motors
BR0811,Honda Motors
BR0812,Honda Motors
BR0814,Honda Motors
BR0815,Honda Motors
BR0817,Honda Motors
BR0818,Honda Motors
BR0819,Honda Motors
BR0822,Honda India Motors
BR0823,Honda India Motors
BR0824,Honda India Motors
BR0827,Honda India Motors
BR0828,Honda India Motors
BR0829,Honda India Motors
BR0832,Hudson Motors
BR0833,Hudson Motors
BR0834,Hudson Motors
BR0837,Hudson Motors
BR0838,Hudson Motors
BR0839,Hudson Motors
BR0840,Hudson Motors
BR0841,Humber Motors
BR0842,Humber Motors
BR0843,Humber Motors
BR0844,Humber Motors
BR0845,Humber Motors
BR0846,Autobianchi Motors
BR0849,Humber Motors
BR0851,Hummer Motors
BR0852,Hummer Motors
BR0854,Hummer Motors
BR0857,Hummer Motors
BR0858,Hummer Motors
BR0859,Hummer Motors
BR0860,Hummer Motors
BR0861,Hyundai Motors
BR0863,Hyundai Motors
BR0865,Hyundai Motors
BR0867,Hyundai Motors
BR0868,Hyundai Motors
BR0870,Hyundai Motors
BR0871,"IFA (including Trabant, Wartburg, Barkas) Motors"
BR0872,"IFA (including Trabant, Wartburg, Barkas) Motors"
BR0873,"IFA (including Trabant, Wartburg, Barkas) Motors"
BR0877,"IFA (including Trabant, Wartburg, Barkas) Motors"
BR0878,"IFA (including Trabant, Wartburg, Barkas) Motors"
BR0879,"IFA (including Trabant, Wartburg, Barkas) Motors"
BR0880,"IFA (including Trabant, Wartburg, Barkas) Motors"
BR0881,Infiniti Motors
BR0883,Infiniti Motors
BR0884,Infiniti Motors
BR0888,Infiniti Motors
BR0889,Infiniti Motors
BR0890,Infiniti Motors
BR0891,Innocenti Motors
BR0892,Innocenti Motors
BR0893,Innocenti Motors
BR0894,Innocenti Motors
BR0895,Innocenti Motors
BR0897,Innocenti Motors
BR0898,Innocenti Motors
BR0899,Innocenti Motors
BR0900,Innocenti Motors
BR0901,Invicta Motors
BR0902,Invicta Motors
BR0904,Invicta Motors
BR0905,Invicta Motors
BR0906,Auto-Union Motors
BR0907,Invicta Motors
BR0908,Invicta Motors
BR0909,Invicta Motors
BR0910,Invicta Motors
BR0911,Isdera Motors
BR0912,Isdera Motors
BR0913,Isdera Motors
BR0917,Isdera Motors
BR0918,Isdera Motors
BR0919,Isdera Motors
BR0921,Iso Motors
BR0922,Iso Motors
BR0923,Iso Motors
BR0924,Iso Motors
BR0925,Iso Motors
BR0927,Iso Motors
BR0928,Iso Motors
BR0929,Iso Motors
BR0930,Iso Motors
BR0931,Isotta Fraschini Motors
BR0933,Isotta Fraschini Motors
BR0934,Isotta Fraschini Motors
BR0935,Isotta Fraschini Motors
BR0938,Isotta Fraschini Motors
BR0939,Isotta Fraschini Motors
BR0940,Isotta Fraschini Motors
BR0941,Isuzu Motors
BR0942,Isuzu Motors
BR0943,Isuzu Motors
BR0945,Isuzu Motors
BR0947,Isuzu Motors
BR0949,Isuzu Motors
BR0950,Isuzu Motors
BR0953,Iveco Motors
BR0955,Iveco Motors
BR0958,Iveco Motors
BR0959,Iveco Motors
BR0960,Iveco Motors
BR0961,Jaguar Motors
BR0963,Jaguar Motors
BR0964,Jaguar Motors
BR0965,Jaguar Motors
BR0966,Auverland Motors
BR0967,Jaguar Motors
BR0968,Jaguar Motors
BR0969,Jaguar Motors
BR0970,Jaguar Motors
BR0971,Jeep Motors
BR0972,Jeep Motors
BR0973,Jeep Motors
BR0974,Jeep Motors
BR0975,Jeep Motors
BR0978,Jeep Motors
BR0979,Jeep Motors
BR0980,Jeep Motors
BR0981,Jensen Motors
BR0983,Jensen Motors
BR0984,Jensen Motors
BR0985,Jensen Motors
BR0987,Jensen Motors
BR0988,Jensen Motors
BR0989,Jensen Motors
BR0990,Jensen Motors
BR0993,JPX Motors
BR0994,JPX Motors
BR0995,JPX Motors
BR0997,JPX Motors
BR0998,JPX Motors
BR0999,JPX Motors
BR1001,Kia Motors
BR10026,Saab Motors
BR1003,Kia Motors
BR1004,Kia Motors
BR1005,Kia Motors
BR1008,Kia Motors
BR10086,SAIC Motor Motors
BR1012,Koenigsegg Motors
BR1013,Koenigsegg Motors
BR1014,Koenigsegg Motors
BR10146,Saleen Motors
BR1015,Koenigsegg Motors
BR1017,Koenigsegg Motors
BR1019,Koenigsegg Motors
BR1020,Koenigsegg Motors
BR10206,Samsung Motors
BR1021,KTM Motors
BR1023,KTM Motors
BR1025,KTM Motors
BR1026,Bentley Motors
BR1027,KTM Motors
BR1028,KTM Motors
BR1029,KTM Motors
BR1032,Lada Motors
BR10326,Santa Matilde Motors
BR1034,Lada Motors
BR1035,Lada Motors
BR1037,Lada Motors
BR10386,Santana Motors
BR1039,Lada Motors
BR1040,Lada Motors
BR1041,Lamborghini Motors
BR1043,Lamborghini Motors
BR1044,Lamborghini Motors
BR10446,Saturn Motors
BR1045,Lamborghini Motors
BR1047,Lamborghini Motors
BR1048,Lamborghini Motors
BR1049,Lamborghini Motors
BR1050,Lamborghini Motors
BR10506,Scion Motors
BR1051,Lancia Motors
BR1052,Lancia Motors
BR1053,Lancia Motors
BR1055,Lancia Motors
BR10566,Seat Motors
BR1058,Lancia Motors
BR1059,Lancia Motors
BR1060,Lancia Motors
BR1061,Land Rover Motors
BR10626,Shelby SuperCars Motors
BR1063,Land Rover Motors
BR1065,Land Rover Motors
BR1067,Land Rover Motors
BR1068,Land Rover Motors
BR10686,Simca Motors
BR1070,Land Rover Motors
BR1071,Lexus Motors
BR1073,Lexus Motors
BR1074,Lexus Motors
BR10746,Simca do Brasil Motors
BR1075,Lexus Motors
BR1077,Lexus Motors
BR1078,Lexus Motors
BR1079,Lexus Motors
BR1080,Lexus Motors
BR10806,Singer Motors
BR1083,Ligier Motors
BR1086,Bitter Motors
BR1087,Ligier Motors
BR1088,Ligier Motors
BR1092,Lincoln Motors
BR1093,Lincoln Motors
BR1094,Lincoln Motors
BR1098,Lincoln Motors
BR10986,Spyker Motors
BR1099,Lincoln Motors
BR1101,Lotus Motors
BR1102,Lotus Motors
BR1103,Lotus Motors
BR1104,Lotus Motors
BR1105,Lotus Motors
BR1107,Lotus Motors
BR1108,Lotus Motors
BR1110,Lotus Motors
BR11106,Standard-Triumph Motors
BR1111,LTI Motors
BR1112,LTI Motors
BR1113,LTI Motors
BR1114,LTI Motors
BR1117,LTI Motors
BR1118,LTI Motors
BR1121,LuAZ Motors
BR1123,LuAZ Motors
BR1125,LuAZ Motors
BR1127,LuAZ Motors
BR1128,LuAZ Motors
BR11286,Sunbeam Motors
BR1129,LuAZ Motors
BR1130,LuAZ Motors
BR1135,Lynx Motors
BR1137,Lynx Motors
BR1138,Lynx Motors
BR1140,Lynx Motors
BR11406,Tata Motors
BR1141,Mahindra Motors
BR1143,Mahindra Motors
BR1145,Mahindra Motors
BR1146,BMW Motors
BR11466,Tatra Motors
BR1147,Mahindra Motors
BR1148,Mahindra Motors
BR1149,Mahindra Motors
BR1150,Mahindra Motors
BR1151,Marcos Motors
BR1152,Marcos Motors
BR11526,Tazzari Motors
BR1155,Marcos Motors
BR1157,Marcos Motors
BR1158,Marcos Motors
BR11586,Tesla Motors
BR1159,Marcos Motors
BR1162,Marlin Motors
BR1163,Marlin Motors
BR1164,Marlin Motors
BR11646,Tornado Motors
BR1165,Marlin Motors
BR1167,Marlin Motors
BR1168,Marlin Motors
BR1170,Marlin Motors
BR11706,Toyota Motors
BR1171,Maruti Motors
BR1172,Maruti Motors
BR1173,Maruti Motors
BR1174,Maruti Motors
BR1175,Maruti Motors
BR1177,Maruti Motors
BR1178,Maruti Motors
BR1179,Maruti Motors
BR1180,Maruti Motors
BR1181,Maserati Motors
BR1182,Maserati Motors
BR11826,Turner Motors
BR1183,Maserati Motors
BR1184,Maserati Motors
BR1188,Maserati Motors
BR1189,Maserati Motors
BR1190,Maserati Motors
BR1192,Mastretta Motors
BR1193,Mastretta Motors
BR1194,Mastretta Motors
BR11946,UAZ Motors
BR1195,Mastretta Motors
BR1197,Mastretta Motors
BR1198,Mastretta Motors
BR1199,Mastretta Motors
BR1200,Mastretta Motors
BR12006,Vauxhall Motors
BR1202,"Matra (including Deutsch-Bonnet, RenÇ Bonnet) Motors"
BR1203,"Matra (including Deutsch-Bonnet, RenÇ Bonnet) Motors"
BR1204,"Matra (including Deutsch-Bonnet, RenÇ Bonnet) Motors"
BR1205,"Matra (including Deutsch-Bonnet, RenÇ Bonnet) Motors"
BR1207,"Matra (including Deutsch-Bonnet, RenÇ Bonnet) Motors"
BR1208,"Matra (including Deutsch-Bonnet, RenÇ Bonnet) Motors"
BR1209,"Matra (including Deutsch-Bonnet, RenÇ Bonnet) Motors"
BR1210,"Matra (including Deutsch-Bonnet, RenÇ Bonnet) Motors"
BR1212,Mazda Motors
BR12126,Volkswagen Motors
BR1214,Mazda Motors
BR1215,Mazda Motors
BR1217,Mazda Motors
BR1218,Mazda Motors
BR12186,Volkswagen do Brasil Motors
BR1219,Mazda Motors
BR1220,Mazda Motors
BR1222,Mazzanti Motors
BR1223,Mazzanti Motors
BR1224,Mazzanti Motors
BR12246,Volkswagen South Africa Motors
BR1227,Mazzanti Motors
BR1228,Mazzanti Motors
BR1229,Mazzanti Motors
BR1230,Mazzanti Motors
BR12306,Volvo Motors
BR1231,McLaren Motors
BR1232,McLaren Motors
BR1233,McLaren Motors
BR1234,McLaren Motors
BR1235,McLaren Motors
BR12366,Westfield Motors
BR1238,McLaren Motors
BR1239,McLaren Motors
BR1240,McLaren Motors
BR1241,Mercedes-Benz (including Maybach) Motors
BR1243,Mercedes-Benz (including Maybach) Motors
BR1244,Mercedes-Benz (including Maybach) Motors
BR1245,Mercedes-Benz (including Maybach) Motors
BR1247,Mercedes-Benz (including Maybach) Motors
BR1248,Mercedes-Benz (including Maybach) Motors
BR12486,Zastava Motors
BR1249,Mercedes-Benz (including Maybach) Motors
BR1251,Mercury Motors
BR1252,Mercury Motors
BR1253,Mercury Motors
BR1255,Mercury Motors
BR1258,Mercury Motors
BR1259,Mercury Motors
BR12606,ZIL Motors
BR1261,Merkur Motors
BR1262,Merkur Motors
BR1263,Merkur Motors
BR1264,Merkur Motors
BR1266,Borgward (including Goliath and Lloyd) Motors
BR12666,Audi Motors
BR1267,Merkur Motors
BR1268,Merkur Motors
BR1270,Merkur Motors
BR1273,Messerschmitt Motors
BR1274,Messerschmitt Motors
BR1275,Messerschmitt Motors
BR1277,Messerschmitt Motors
BR12786,Horch Motors
BR1279,Messerschmitt Motors
BR1283,Mia Motors
BR1287,Mia Motors
BR1288,Mia Motors
BR1289,Mia Motors
BR1290,Mia Motors
BR12906,Maybach  Motors
BR1291,Micro Motors
BR1292,Micro Motors
BR1293,Micro Motors
BR1294,Micro Motors
BR1295,Micro Motors
BR12966,Izh  Motors
BR1298,Micro Motors
BR1299,Micro Motors
BR1300,Micro Motors
BR1301,Mini Motors
BR1302,Mini Motors
BR13026,Lagonda  Motors
BR1303,Mini Motors
BR1304,Mini Motors
BR1305,Mini Motors
BR1307,Mini Motors
BR13086,MG  Motors
BR1310,Mini Motors
BR1313,Mitsubishi Motors
BR1314,Mitsubishi Motors
BR1315,Mitsubishi Motors
BR1317,Mitsubishi Motors
BR1318,Mitsubishi Motors
BR1320,Mitsubishi Motors
BR1321,Monica Motors
BR1322,Monica Motors
BR1323,Monica Motors
BR1325,Monica Motors
BR1326,Bristol Motors
BR13266,Riley  Motors
BR1328,Monica Motors
BR1330,Monica Motors
BR1332,Monteverdi Motors
BR13326,Wolseley  Motors
BR1333,Monteverdi Motors
BR1338,Monteverdi Motors
BR13386,Standard  Motors
BR1339,Monteverdi Motors
BR1340,Monteverdi Motors
BR1343,Morgan Motors
BR1347,Morgan Motors
BR1348,Morgan Motors
BR1349,Morgan Motors
BR13506,Das Motors
BR1351,Moskwitch Motors
BR1352,Moskwitch Motors
BR1353,Moskwitch Motors
BR13566,Ramani Motors
BR1358,Moskwitch Motors
BR1360,Moskwitch Motors
BR1362,Nash Motors
BR13626,Deccan Motors
BR1363,Nash Motors
BR1364,Nash Motors
BR1365,Nash Motors
BR13686,Herald Motors
BR1369,Nash Motors
BR1370,Nash Motors
BR1371,Naza Motors
BR1372,Naza Motors
BR1373,Naza Motors
BR13746,Zion Automobils
BR1377,Naza Motors
BR1378,Naza Motors
BR1379,Naza Motors
BR1380,Naza Motors
BR13806,Atlantic Motor Company
BR1382,Nissan Motors
BR1383,Nissan Motors
BR1384,Nissan Motors
BR1386,British Leyland Motors
BR1388,Nissan Motors
BR1390,Nissan Motors
BR1391,Nissan India Motors
BR1392,Nissan India Motors
BR13926,Blankinship Motor Company Building
BR1393,Nissan India Motors
BR1395,Nissan India Motors
BR1397,Nissan India Motors
BR1398,Nissan India Motors
BR13986,Bohn Motor Company Automobile Dealership
BR1399,Nissan India Motors
BR1401,Noble Motors
BR1402,Noble Motors
BR1403,Noble Motors
BR1404,Noble Motors
BR14046,Buick Automobile Company Building
BR1405,Noble Motors
BR1407,Noble Motors
BR1408,Noble Motors
BR1410,Noble Motors
BR14106,Cadillac Automobile Company Building
BR1411,NSU Motors
BR1412,NSU Motors
BR1413,NSU Motors
BR1414,NSU Motors
BR14166,Casa de cadillac
BR1417,NSU Motors
BR1418,NSU Motors
BR1419,NSU Motors
BR1420,NSU Motors
BR1421,Oldsmobile Motors
BR14226,Cass Motor Sales
BR1424,Oldsmobile Motors
BR1425,Oldsmobile Motors
BR1428,Oldsmobile Motors
BR1431,Oltcit Motors
BR1435,Oltcit Motors
BR1438,Oltcit Motors
BR1440,Oltcit Motors
BR14406,Colman Automotive Building
BR1442,Opel Motors
BR1444,Opel Motors
BR1445,Opel Motors
BR1447,Opel Motors
BR1448,Opel Motors
BR1449,Opel Motors
BR1450,Opel Motors
BR1451,Packard Motors
BR1452,Packard Motors
BR14526,Howard Motor Company Building
BR1454,Packard Motors
BR1455,Packard Motors
BR1457,Packard Motors
BR14586,Hupmobile Building
BR1459,Packard Motors
BR1460,Packard Motors
BR1461,Pagani Motors
BR1463,Pagani Motors
BR1464,Pagani Motors
BR14646,Jennings Ford Automobile Dealership
BR1465,Pagani Motors
BR1467,Pagani Motors
BR14706,Jones Motor Company
BR1471,Panhard Motors
BR1473,Panhard Motors
BR1475,Panhard Motors
BR14766,Kindel Building
BR1477,Panhard Motors
BR1479,Panhard Motors
BR1480,Panhard Motors
BR1482,Panoz Motors
BR1483,Panoz Motors
BR1485,Panoz Motors
BR1488,Panoz Motors
BR1489,Panoz Motors
BR1491,Panther Motors
BR1492,Panther Motors
BR1493,Panther Motors
BR1495,Panther Motors
BR1498,Panther Motors
BR1499,Panther Motors
BR1502,Peel Motors
BR1503,Peel Motors
BR1504,Peel Motors
BR1507,Peel Motors
BR1510,Peel Motors
BR1511,Perodua Motors
BR1512,Perodua Motors
BR1513,Perodua Motors
BR1515,Perodua Motors
BR1518,Perodua Motors
BR1519,Perodua Motors
BR1520,Perodua Motors
BR1521,Peugeot Motors
BR1522,Peugeot Motors
BR1523,Peugeot Motors
BR1524,Peugeot Motors
BR1525,Peugeot Motors
BR1527,Peugeot Motors
BR1528,Peugeot Motors
BR1529,Peugeot Motors
BR1530,Peugeot Motors
BR1531,PGO Motors
BR1540,PGO Motors
BR1541,Piaggio Motors
BR1542,Piaggio Motors
BR1543,Piaggio Motors
BR1544,Piaggio Motors
BR1545,Piaggio Motors
BR1547,Piaggio Motors
BR1549,Piaggio Motors
BR1552,Plymouth Motors
BR1553,Plymouth Motors
BR1554,Plymouth Motors
BR1555,Plymouth Motors
BR1557,Plymouth Motors
BR1558,Plymouth Motors
BR1559,Plymouth Motors
BR1560,Plymouth Motors
BR1561,Polestar Motors
BR1562,Polestar Motors
BR1563,Polestar Motors
BR1564,Polestar Motors
BR1565,Polestar Motors
BR1567,Polestar Motors
BR1568,Polestar Motors
BR1569,Polestar Motors
BR1570,Polestar Motors
BR1571,"Pontiac, AsÅna Motors"
BR1573,"Pontiac, AsÅna Motors"
BR1574,"Pontiac, AsÅna Motors"
BR1575,"Pontiac, AsÅna Motors"
BR1577,"Pontiac, AsÅna Motors"
BR1578,"Pontiac, AsÅna Motors"
BR1579,"Pontiac, AsÅna Motors"
BR1582,Porsche Motors
BR1583,Porsche Motors
BR1585,Porsche Motors
BR1588,Porsche Motors
BR1589,Porsche Motors
BR1590,Porsche Motors
BR1592,Premier Motors
BR1593,Premier Motors
BR1594,Premier Motors
BR1595,Premier Motors
BR1597,Premier Motors
BR1598,Premier Motors
BR1600,Premier Motors
BR1601,Proton Motors
BR1602,Proton Motors
BR1603,Proton Motors
BR1604,Proton Motors
BR1605,Proton Motors
BR1608,Proton Motors
BR1610,Proton Motors
BR1611,Puma Motors
BR1612,Puma Motors
BR1613,Puma Motors
BR1615,Puma Motors
BR1617,Puma Motors
BR1618,Puma Motors
BR1619,Puma Motors
BR1620,Puma Motors
BR1621,Ranger Motors
BR1623,Ranger Motors
BR1625,Ranger Motors
BR1626,Buick Motors
BR1628,Ranger Motors
BR1629,Ranger Motors
BR1630,Ranger Motors
BR1631,Reliant Motors
BR1632,Reliant Motors
BR1633,Reliant Motors
BR1634,Reliant Motors
BR1635,Reliant Motors
BR1637,Reliant Motors
BR1638,Reliant Motors
BR1639,Reliant Motors
BR1640,Reliant Motors
BR1641,Renault Motors
BR1642,Renault Motors
BR1643,Renault Motors
BR1647,Renault Motors
BR1649,Renault Motors
BR1651,Rivian Motors
BR1652,Rivian Motors
BR1653,Rivian Motors
BR1654,Rivian Motors
BR1655,Rivian Motors
BR1657,Rivian Motors
BR1658,Rivian Motors
BR1659,Rivian Motors
BR1660,Rivian Motors
BR1661,Rolls-Royce Motors
BR1663,Rolls-Royce Motors
BR1664,Rolls-Royce Motors
BR1665,Rolls-Royce Motors
BR1667,Rolls-Royce Motors
BR1668,Rolls-Royce Motors
BR1669,Rolls-Royce Motors
BR1670,Rolls-Royce Motors
BR1671,Saab Motors
BR1672,Saab Motors
BR1673,Saab Motors
BR1674,Saab Motors
BR1677,Saab Motors
BR1678,Saab Motors
BR1679,Saab Motors
BR1680,Saab Motors
BR1681,SAIC Motor Motors
BR1682,SAIC Motor Motors
BR1683,SAIC Motor Motors
BR1684,SAIC Motor Motors
BR1685,SAIC Motor Motors
BR1686,Bytom Motors
BR1687,SAIC Motor Motors
BR1688,SAIC Motor Motors
BR1689,SAIC Motor Motors
BR1690,SAIC Motor Motors
BR1691,Saleen Motors
BR1692,Saleen Motors
BR1693,Saleen Motors
BR1697,Saleen Motors
BR1699,Saleen Motors
BR1700,Saleen Motors
BR1701,Samsung Motors
BR1702,Samsung Motors
BR1708,Samsung Motors
BR1709,Samsung Motors
BR1710,Samsung Motors
BR1711,San Motors
BR1712,San Motors
BR1714,San Motors
BR1715,San Motors
BR1717,San Motors
BR1718,San Motors
BR1719,San Motors
BR1720,San Motors
BR1721,Santa Matilde Motors
BR1722,Santa Matilde Motors
BR1723,Santa Matilde Motors
BR1725,Santa Matilde Motors
BR1727,Santa Matilde Motors
BR1728,Santa Matilde Motors
BR1729,Santa Matilde Motors
BR1731,Santana Motors
BR1733,Santana Motors
BR1735,Santana Motors
BR1737,Santana Motors
BR1739,Santana Motors
BR1741,Saturn Motors
BR1742,Saturn Motors
BR1743,Saturn Motors
BR1745,Saturn Motors
BR1746,Cadillac Motors
BR1747,Saturn Motors
BR1749,Saturn Motors
BR1750,Saturn Motors
BR1751,Scion Motors
BR1752,Scion Motors
BR1753,Scion Motors
BR1754,Scion Motors
BR1755,Scion Motors
BR1757,Scion Motors
BR1758,Scion Motors
BR1759,Scion Motors
BR1761,Seat Motors
BR1762,Seat Motors
BR1763,Seat Motors
BR1764,Seat Motors
BR1765,Seat Motors
BR1768,Seat Motors
BR1769,Seat Motors
BR1770,Seat Motors
BR1771,Shelby SuperCars Motors
BR1777,Shelby SuperCars Motors
BR1778,Shelby SuperCars Motors
BR1779,Shelby SuperCars Motors
BR1780,Shelby SuperCars Motors
BR1782,Simca Motors
BR1783,Simca Motors
BR1784,Simca Motors
BR1785,Simca Motors
BR1787,Simca Motors
BR1788,Simca Motors
BR1789,Simca Motors
BR1792,Simca do Brasil Motors
BR1793,Simca do Brasil Motors
BR1795,Simca do Brasil Motors
BR1797,Simca do Brasil Motors
BR1798,Simca do Brasil Motors
BR1799,Simca do Brasil Motors
BR1800,Simca do Brasil Motors
BR1803,Singer Motors
BR1804,Singer Motors
BR1805,Singer Motors
BR1807,Singer Motors
BR1808,Singer Motors
BR1809,Singer Motors
BR1811,Skoda Motors
BR1812,Skoda Motors
BR1814,Skoda Motors
BR1815,Skoda Motors
BR1820,Skoda Motors
BR1821,Smart Motors
BR1822,Smart Motors
BR1823,Smart Motors
BR1824,Smart Motors
BR1827,Smart Motors
BR1828,Smart Motors
BR1829,Smart Motors
BR1830,Smart Motors
BR1831,Spyker Motors
BR1832,Spyker Motors
BR1833,Spyker Motors
BR1834,Spyker Motors
BR1835,Spyker Motors
BR1837,Spyker Motors
BR1838,Spyker Motors
BR1839,Spyker Motors
BR1840,Spyker Motors
BR1841,SsangYong Motors
BR1842,SsangYong Motors
BR1843,SsangYong Motors
BR1844,SsangYong Motors
BR1845,SsangYong Motors
BR1847,SsangYong Motors
BR1849,SsangYong Motors
BR1852,Standard-Triumph Motors
BR1854,Standard-Triumph Motors
BR1855,Standard-Triumph Motors
BR1858,Standard-Triumph Motors
BR1860,Standard-Triumph Motors
BR1861,Studebaker Motors
BR1862,Studebaker Motors
BR1863,Studebaker Motors
BR1864,Studebaker Motors
BR1865,Studebaker Motors
BR1867,Studebaker Motors
BR1868,Studebaker Motors
BR1869,Studebaker Motors
BR1871,Subaru Motors
BR1872,Subaru Motors
BR1873,Subaru Motors
BR1874,Subaru Motors
BR1875,Subaru Motors
BR1877,Subaru Motors
BR1878,Subaru Motors
BR1879,Subaru Motors
BR1880,Subaru Motors
BR1882,Sunbeam Motors
BR1884,Sunbeam Motors
BR1887,Sunbeam Motors
BR1888,Sunbeam Motors
BR1889,Sunbeam Motors
BR1892,Suzuki Motors
BR1894,Suzuki Motors
BR1895,Suzuki Motors
BR1897,Suzuki Motors
BR1901,Tata Motors
BR1902,Tata Motors
BR1903,Tata Motors
BR1905,Tata Motors
BR1908,Tata Motors
BR1910,Tata Motors
BR1911,Tatra Motors
BR1913,Tatra Motors
BR1914,Tatra Motors
BR1915,Tatra Motors
BR1917,Tatra Motors
BR1918,Tatra Motors
BR1919,Tatra Motors
BR1920,Tatra Motors
BR1922,Tazzari Motors
BR1923,Tazzari Motors
BR1924,Tazzari Motors
BR1925,Tazzari Motors
BR1927,Tazzari Motors
BR1928,Tazzari Motors
BR1929,Tazzari Motors
BR1930,Tazzari Motors
BR1931,Tesla Motors
BR1932,Tesla Motors
BR1933,Tesla Motors
BR1934,Tesla Motors
BR1935,Tesla Motors
BR1937,Tesla Motors
BR1938,Tesla Motors
BR1939,Tesla Motors
BR1940,Tesla Motors
BR1941,Tornado Motors
BR1943,Tornado Motors
BR1944,Tornado Motors
BR1945,Tornado Motors
BR1947,Tornado Motors
BR1948,Tornado Motors
BR1949,Tornado Motors
BR1951,Toyota Motors
BR1952,Toyota Motors
BR1954,Toyota Motors
BR1955,Toyota Motors
BR1957,Toyota Motors
BR1958,Toyota Motors
BR1959,Toyota Motors
BR1960,Toyota Motors
BR1962,Toyota India Motors
BR1963,Toyota India Motors
BR1964,Toyota India Motors
BR1965,Toyota India Motors
BR1967,Toyota India Motors
BR1968,Toyota India Motors
BR1969,Toyota India Motors
BR1971,Turner Motors
BR1972,Turner Motors
BR1974,Turner Motors
BR1975,Turner Motors
BR1977,Turner Motors
BR1978,Turner Motors
BR1980,Turner Motors
BR1984,TVR Motors
BR1985,TVR Motors
BR1987,TVR Motors
BR1988,TVR Motors
BR1989,TVR Motors
BR1990,TVR Motors
BR1991,UAZ Motors
BR1993,UAZ Motors
BR1994,UAZ Motors
BR1998,UAZ Motors
BR1999,UAZ Motors
BR2000,UAZ Motors
BR2004,Vauxhall Motors
BR2005,Vauxhall Motors
BR2007,Vauxhall Motors
BR2008,Vauxhall Motors
BR2009,Vauxhall Motors
BR2011,Venturi Motors
BR2017,Venturi Motors
BR2018,Venturi Motors
BR2019,Venturi Motors
BR2021,Volkswagen Motors
BR2022,Volkswagen Motors
BR2023,Volkswagen Motors
BR2024,Volkswagen Motors
BR2025,Volkswagen Motors
BR2027,Volkswagen Motors
BR2028,Volkswagen Motors
BR2029,Volkswagen Motors
BR2030,Volkswagen Motors
BR2031,Volkswagen do Brasil Motors
BR2032,Volkswagen do Brasil Motors
BR2033,Volkswagen do Brasil Motors
BR2034,Volkswagen do Brasil Motors
BR2035,Volkswagen do Brasil Motors
BR2037,Volkswagen do Brasil Motors
BR2039,Volkswagen do Brasil Motors
BR2040,Volkswagen do Brasil Motors
BR2041,Volkswagen South Africa Motors
BR2042,Volkswagen South Africa Motors
BR2045,Volkswagen South Africa Motors
BR2046,Chrysler Motors
BR2047,Volkswagen South Africa Motors
BR2048,Volkswagen South Africa Motors
BR2049,Volkswagen South Africa Motors
BR2050,Volkswagen South Africa Motors
BR2052,Volvo Motors
BR2053,Volvo Motors
BR2054,Volvo Motors
BR2057,Volvo Motors
BR2058,Volvo Motors
BR2059,Volvo Motors
BR2060,Volvo Motors
BR2061,Westfield Motors
BR2062,Westfield Motors
BR2063,Westfield Motors
BR2064,Westfield Motors
BR2065,Westfield Motors
BR2067,Westfield Motors
BR2068,Westfield Motors
BR2070,Westfield Motors
BR2071,Wiesmann Motors
BR2072,Wiesmann Motors
BR2075,Wiesmann Motors
BR2077,Wiesmann Motors
BR2079,Wiesmann Motors
BR2080,Wiesmann Motors
BR2082,Zastava Motors
BR2083,Zastava Motors
BR2084,Zastava Motors
BR2085,Zastava Motors
BR2087,Zastava Motors
BR2088,Zastava Motors
BR2089,Zastava Motors
BR2090,Zastava Motors
BR2091,ZAZ Motors
BR2095,ZAZ Motors
BR2097,ZAZ Motors
BR2099,ZAZ Motors
BR2100,ZAZ Motors
BR2101,ZIL Motors
BR2103,ZIL Motors
BR2104,ZIL Motors
BR2105,ZIL Motors
BR2106,Chrysler Europe Motors
BR2107,ZIL Motors
BR2108,ZIL Motors
BR2110,ZIL Motors
BR2113,Audi Motors
BR2114,Audi Motors
BR2115,Audi Motors
BR2117,Audi Motors
BR2118,Audi Motors
BR2119,Audi Motors
BR2121,DKW Motors
BR2122,DKW Motors
BR2123,DKW Motors
BR2124,DKW Motors
BR2125,DKW Motors
BR2128,DKW Motors
BR2129,DKW Motors
BR2130,DKW Motors
BR2131,Horch Motors
BR2132,Horch Motors
BR2133,Horch Motors
BR2134,Horch Motors
BR2135,Horch Motors
BR2137,Horch Motors
BR2138,Horch Motors
BR2139,Horch Motors
BR2140,Horch Motors
BR2142,Wanderer Motors
BR2143,Wanderer Motors
BR2144,Wanderer Motors
BR2147,Wanderer Motors
BR2148,Wanderer Motors
BR2149,Wanderer Motors
BR2150,Wanderer Motors
BR2151,Maybach  Motors
BR2152,Maybach  Motors
BR2153,Maybach  Motors
BR2154,Maybach  Motors
BR2155,Maybach  Motors
BR2157,Maybach  Motors
BR2158,Maybach  Motors
BR2159,Maybach  Motors
BR2160,Maybach  Motors
BR2161,Izh  Motors
BR2163,Izh  Motors
BR2164,Izh  Motors
BR2165,Izh  Motors
BR2166,Citroân Motors
BR2167,Izh  Motors
BR2168,Izh  Motors
BR2169,Izh  Motors
BR2170,Izh  Motors
BR2171,Lagonda  Motors
BR2172,Lagonda  Motors
BR2173,Lagonda  Motors
BR2174,Lagonda  Motors
BR2175,Lagonda  Motors
BR2177,Lagonda  Motors
BR2178,Lagonda  Motors
BR2179,Lagonda  Motors
BR2180,Lagonda  Motors
BR2182,MG  Motors
BR2183,MG  Motors
BR2184,MG  Motors
BR2185,MG  Motors
BR2187,MG  Motors
BR2188,MG  Motors
BR2190,MG  Motors
BR2191,Morris  Motors
BR2192,Morris  Motors
BR2195,Morris  Motors
BR2197,Morris  Motors
BR2198,Morris  Motors
BR2199,Morris  Motors
BR2200,Morris  Motors
BR2201,Austin  Motors
BR2202,Austin  Motors
BR2204,Austin  Motors
BR2207,Austin  Motors
BR2208,Austin  Motors
BR2210,Austin  Motors
BR2211,Riley  Motors
BR2213,Riley  Motors
BR2214,Riley  Motors
BR2217,Riley  Motors
BR2220,Riley  Motors
BR2221,Wolseley  Motors
BR2222,Wolseley  Motors
BR2223,Wolseley  Motors
BR2225,Wolseley  Motors
BR2226,Cizeta-Moroder Motors
BR2229,Wolseley  Motors
BR2230,Wolseley  Motors
BR2231,Standard  Motors
BR2232,Standard  Motors
BR2233,Standard  Motors
BR2234,Standard  Motors
BR2237,Standard  Motors
BR2239,Standard  Motors
BR2240,Standard  Motors
BR2241,Talbot  Motors
BR2243,Talbot  Motors
BR2244,Talbot  Motors
BR2245,Talbot  Motors
BR2247,Talbot  Motors
BR2248,Talbot  Motors
BR2250,Talbot  Motors
BR2251,Das Motors
BR2252,Das Motors
BR2253,Das Motors
BR2258,Das Motors
BR2259,Das Motors
BR2260,Das Motors
BR2262,Ramani Motors
BR2263,Ramani Motors
BR2264,Ramani Motors
BR2267,Ramani Motors
BR2270,Ramani Motors
BR2271,Deccan Motors
BR2272,Deccan Motors
BR2273,Deccan Motors
BR2275,Deccan Motors
BR2277,Deccan Motors
BR2278,Deccan Motors
BR2280,Deccan Motors
BR2281,Herald Motors
BR2282,Herald Motors
BR2283,Herald Motors
BR2284,Herald Motors
BR2285,Herald Motors
BR2286,Dacia Motors
BR2287,Herald Motors
BR2288,Herald Motors
BR2289,Herald Motors
BR2290,Herald Motors
BR2291,Zion Automobils
BR2293,Zion Automobils
BR2295,Zion Automobils
BR2297,Zion Automobils
BR2300,Zion Automobils
BR2301,Atlantic Motor Company
BR2302,Atlantic Motor Company
BR2303,Atlantic Motor Company
BR2305,Atlantic Motor Company
BR2307,Atlantic Motor Company
BR2308,Atlantic Motor Company
BR2309,Atlantic Motor Company
BR2310,Atlantic Motor Company
BR2312,2008 NRHP-listed
BR2313,2008 NRHP-listed
BR2315,2008 NRHP-listed
BR2317,2008 NRHP-listed
BR2318,2008 NRHP-listed
BR2319,2008 NRHP-listed
BR2320,2008 NRHP-listed
BR2321,Blankinship Motor Company Building
BR2322,Blankinship Motor Company Building
BR2323,Blankinship Motor Company Building
BR2324,Blankinship Motor Company Building
BR2327,Blankinship Motor Company Building
BR2329,Blankinship Motor Company Building
BR2330,Blankinship Motor Company Building
BR2331,Bohn Motor Company Automobile Dealership
BR2332,Bohn Motor Company Automobile Dealership
BR2334,Bohn Motor Company Automobile Dealership
BR2335,Bohn Motor Company Automobile Dealership
BR2337,Bohn Motor Company Automobile Dealership
BR2338,Bohn Motor Company Automobile Dealership
BR2339,Bohn Motor Company Automobile Dealership
BR2340,Bohn Motor Company Automobile Dealership
BR2341,Buick Automobile Company Building
BR2342,Buick Automobile Company Building
BR2344,Buick Automobile Company Building
BR2345,Buick Automobile Company Building
BR2346,"Daewoo, Saehan, Chevrolet Korea Motors"
BR2347,Buick Automobile Company Building
BR2348,Buick Automobile Company Building
BR2350,Buick Automobile Company Building
BR2351,Cadillac Automobile Company Building
BR2352,Cadillac Automobile Company Building
BR2353,Cadillac Automobile Company Building
BR2355,Cadillac Automobile Company Building
BR2357,Cadillac Automobile Company Building
BR2358,Cadillac Automobile Company Building
BR2359,Cadillac Automobile Company Building
BR2360,Cadillac Automobile Company Building
BR2361,Casa de cadillac
BR2362,Casa de cadillac
BR2367,Casa de cadillac
BR2368,Casa de cadillac
BR2369,Casa de cadillac
BR2370,Casa de cadillac
BR2371,Cass Motor Sales
BR2372,Cass Motor Sales
BR2374,Cass Motor Sales
BR2375,Cass Motor Sales
BR2377,Cass Motor Sales
BR2378,Cass Motor Sales
BR2380,Cass Motor Sales
BR2382,Claremore Auto Dealership
BR2383,Claremore Auto Dealership
BR2384,Claremore Auto Dealership
BR2385,Claremore Auto Dealership
BR2388,Claremore Auto Dealership
BR2389,Claremore Auto Dealership
BR2391,Clemens Automobile Company Building
BR2392,Clemens Automobile Company Building
BR2393,Clemens Automobile Company Building
BR2394,Clemens Automobile Company Building
BR2395,Clemens Automobile Company Building
BR2399,Clemens Automobile Company Building
BR2401,Colman Automotive Building
BR2402,Colman Automotive Building
BR2404,Colman Automotive Building
BR2405,Colman Automotive Building
BR2406,DAF Motors
BR2407,Colman Automotive Building
BR2409,Colman Automotive Building
BR2410,Colman Automotive Building
BR2411,H Street Playhouse
BR2412,H Street Playhouse
BR2414,H Street Playhouse
BR2415,H Street Playhouse
BR2417,H Street Playhouse
BR2419,H Street Playhouse
BR2420,H Street Playhouse
BR2421,Howard Motor Company Building
BR2423,Howard Motor Company Building
BR2427,Howard Motor Company Building
BR2428,Howard Motor Company Building
BR2429,Howard Motor Company Building
BR2431,Hupmobile Building
BR2433,Hupmobile Building
BR2437,Hupmobile Building
BR2438,Hupmobile Building
BR2439,Hupmobile Building
BR2440,Hupmobile Building
BR2441,Jennings Ford Automobile Dealership
BR2443,Jennings Ford Automobile Dealership
BR2444,Jennings Ford Automobile Dealership
BR2445,Jennings Ford Automobile Dealership
BR2447,Jennings Ford Automobile Dealership
BR2448,Jennings Ford Automobile Dealership
BR2449,Jennings Ford Automobile Dealership
BR2450,Jennings Ford Automobile Dealership
BR2451,Jones Motor Company
BR2452,Jones Motor Company
BR2454,Jones Motor Company
BR2455,Jones Motor Company
BR2457,Jones Motor Company
BR2460,Jones Motor Company
BR2462,Kindel Building
BR2463,Kindel Building
BR2464,Kindel Building
BR2467,Kindel Building
BR2468,Kindel Building
BR2469,Kindel Building
BR2470,Kindel Building
BR2526,Daimler Motors
BR2586,Datsun Motors
BR2646,Delahaye Motors
BR2706,DeLorean Motors
BR2766,DeSoto Motors
BR2886,Dodge Motors
BR2946,Donkervoort Motors
BR3006,Edsel Motors
BR3066,e.GO Mobile Motors
BR3186,Elva Motors
BR3246,Facel Vega Motors
BR3306,Ferrari Motors
BR3426,Fiat do Brasil Motors
BR3546,"Fisker, Karma Motors"
BR3606,Ford America Motors
BR3666,Ford Australia Motors
BR3726,Ford do Brasil Motors
BR3786,Ford Europe Motors
BR3906,Freightliner Motors
BR3966,FSO Motors
BR4026,GAZ Motors
BR4086,Geo Motors
BR4146,Gilbern Motors
BR4266,Glas Motors
BR4386,GTA Spano Motors
BR4446,Gumpert Motors
BR4566,Heinkel Motors
BR4626,Hennessey Motors
BR4686,Hillman Motors
BR4746,Hindustan Motors
BR4806,Holden Motors
BR4926,Honda India Motors
BR4986,Hudson Motors
BR5046,Humber Motors
BR5106,Hummer Motors
BR5226,"IFA (including Trabant, Wartburg, Barkas) Motors"
BR5346,Innocenti Motors
BR5406,Invicta Motors
BR5466,Isdera Motors
BR5586,Isotta Fraschini Motors
BR5646,Isuzu Motors
BR5706,Iveco Motors
BR5826,Jeep Motors
BR5886,Jensen Motors
BR5946,JPX Motors
BR6006,Kia Motors
BR6066,Koenigsegg Motors
BR6126,KTM Motors
BR6186,Lada Motors
BR6246,Lamborghini Motors
BR6306,Lancia Motors
BR6366,Land Rover Motors
BR6426,Lexus Motors
BR6486,Ligier Motors
BR6546,Lincoln Motors
BR6606,Lotus Motors
BR6786,Lynx Motors
BR6846,Mahindra Motors
BR6966,Marlin Motors
BR7026,Maruti Motors
BR7146,Mastretta Motors
BR7266,Mazda Motors
BR7326,Mazzanti Motors
BR7386,McLaren Motors
BR7446,Mercedes-Benz (including Maybach) Motors
BR7506,Mercury Motors
BR7686,Mia Motors
BR7746,Micro Motors
BR7806,Mini Motors
BR7866,Mitsubishi Motors
BR7926,Monica Motors
BR7986,Monteverdi Motors
BR8046,Morgan Motors
BR8106,Moskwitch Motors
BR8226,Naza Motors
BR8286,Nissan Motors
BR8406,Noble Motors
BR8466,NSU Motors
BR8586,Oltcit Motors
BR8646,Opel Motors
BR8706,Packard Motors
BR8766,Pagani Motors
BR8826,Panhard Motors
BR8886,Panoz Motors
BR8946,Panther Motors
BR9066,Perodua Motors
BR9126,Peugeot Motors
BR9186,PGO Motors
BR9246,Piaggio Motors
BR9306,Plymouth Motors
BR9426,"Pontiac, AsÅna Motors"
