DEALER_ID,DEALERNAME
DLR0001,AC Cars Motors
DLR0002,Acura Motors
DLR0003,Aixam-Mega (including Arola) Motors
DLR0004,Alfa Romeo Motors
DLR0005,Alpine Motors
DLR0006,Alvis Motors
DLR0007,"AMC, Eagle Motors"
DLR0008,Anadol Motors
DLR0009,Ariel Motors
DLR0010,ARO Motors
DLR0011,Artega Motors
DLR0012,Asia Motors Motors
DLR0013,Aston Martin Motors
DLR0014,Audi Motors
DLR0015,Autobianchi Motors
DLR0016,Auto-Union Motors
DLR0017,Auverland Motors
DLR0018,Bentley Motors
DLR0019,Bitter Motors
DLR0020,BMW Motors
DLR0021,Bond Motors
DLR0022,Borgward (including Goliath and Lloyd) Motors
DLR0023,Bristol Motors
DLR0024,British Leyland Motors
DLR0025,Austin-Healey Motors
DLR0026,"Austin, Rover Motors"
DLR0027,Bugatti Motors
DLR0028,Buick Motors
DLR0029,Bytom Motors
DLR0030,Cadillac Motors
DLR0031,Caterham Motors
DLR0032,Checker Motors
DLR0033,Chevrolet Motors
DLR0034,Chevrolet India Motors
DLR0035,Chrysler Motors
DLR0036,Chrysler Europe Motors
DLR0037,Citroân Motors
DLR0038,Cizeta-Moroder Motors
DLR0039,Dacia Motors
DLR0040,"Daewoo, Saehan, Chevrolet Korea Motors"
DLR0041,DAF Motors
DLR0042,Daihatsu Motors
DLR0043,Daimler Motors
DLR0044,
DLR0045,Delahaye Motors
DLR0046,DeLorean Motors
DLR0047,DeSoto Motors
DLR0048,De Tomaso Motors
DLR0049,Dodge Motors
DLR0050,Donkervoort Motors
DLR0051,Edsel Motors
DLR0052,e.GO Mobile Motors
DLR0053,Eicher Polaris Motors
DLR0054,Elva Motors
DLR0055,Facel Vega Motors
DLR0056,Ferrari Motors
DLR0057,Fiat Motors
DLR0058,Fiat do Brasil Motors
DLR0059,Fiat India Motors
DLR0060,"Fisker, Karma Motors"
DLR0061,Ford America Motors
DLR0062,Ford Australia Motors
DLR0063,Ford do Brasil Motors
DLR0064,Ford Europe Motors
DLR0065,Ford India Motors
DLR0066,Freightliner Motors
DLR0067,FSO Motors
DLR0068,GAZ Motors
DLR0069,Geo Motors
DLR0070,Gilbern Motors
DLR0071,Ginetta Motors
DLR0072,Glas Motors
DLR0073,GMC Motors
DLR0074,GTA Spano Motors
DLR0075,Gumpert Motors
DLR0076,Healey Motors
DLR0077,Heinkel Motors
DLR0078,Hennessey Motors
DLR0079,Hillman Motors
DLR0080,Hindustan Motors
DLR0081,Holden Motors
DLR0082,Honda Motors
DLR0083,Honda India Motors
DLR0084,Hudson Motors
DLR0085,Humber Motors
DLR0086,Hummer Motors
DLR0087,Hyundai Motors
DLR0088,"IFA (including Trabant, Wartburg, Barkas) Motors"
DLR0089,Infiniti Motors
DLR0090,
DLR0091,Invicta Motors
DLR0092,Isdera Motors
DLR0093,Iso Motors
DLR0094,Isotta Fraschini Motors
DLR0095,Isuzu Motors
DLR0096,Iveco Motors
DLR0097,Jaguar Motors
DLR0098,Jeep Motors
DLR0099,Jensen Motors
DLR0100,JPX Motors
DLR0101,Kia Motors
DLR0102,Koenigsegg Motors
DLR0103,KTM Motors
DLR0104,Lada Motors
DLR0105,Lamborghini Motors
DLR0106,Lancia Motors
DLR0107,Land Rover Motors
DLR0108,Lexus Motors
DLR0109,Ligier Motors
DLR0110,Lincoln Motors
DLR0111,Lotus Motors
DLR0112,LTI Motors
DLR0113,LuAZ Motors
DLR0114,Lynx Motors
DLR0115,Mahindra Motors
DLR0116,Marcos Motors
DLR0117,Marlin Motors
DLR0118,Maruti Motors
DLR0119,Maserati Motors
DLR0120,Mastretta Motors
DLR0121,"Matra (including Deutsch-Bonnet, RenÇ Bonnet) Motors"
DLR0122,Mazda Motors
DLR0123,Mazzanti Motors
DLR0124,McLaren Motors
DLR0125,Mercedes-Benz (including Maybach) Motors
DLR0126,Mercury Motors
DLR0127,Merkur Motors
DLR0128,Messerschmitt Motors
DLR0129,Mia Motors
DLR0130,Micro Motors
DLR0131,Mini Motors
DLR0132,Mitsubishi Motors
DLR0133,Monica Motors
DLR0134,Monteverdi Motors
DLR0135,Morgan Motors
DLR0136,Moskwitch Motors
DLR0137,Nash Motors
DLR0138,Naza Motors
DLR0139,Nissan Motors
DLR0140,Nissan India Motors
DLR0141,Noble Motors
DLR0142,NSU Motors
DLR0143,Oldsmobile Motors
DLR0144,
DLR0145,Opel Motors
DLR0146,Packard Motors
DLR0147,Pagani Motors
DLR0148,Panhard Motors
DLR0149,Panoz Motors
DLR0150,Panther Motors
DLR0151,Peel Motors
DLR0152,Perodua Motors
DLR0153,Peugeot Motors
DLR0154,PGO Motors
DLR0155,Piaggio Motors
DLR0156,Plymouth Motors
DLR0157,Polestar Motors
DLR0158,"Pontiac, AsÅna Motors"
DLR0159,Porsche Motors
DLR0160,Premier Motors
DLR0161,Proton Motors
DLR0162,Puma Motors
DLR0163,Ranger Motors
DLR0164,Reliant Motors
DLR0165,Renault Motors
DLR0166,Rivian Motors
DLR0167,Rolls-Royce Motors
DLR0168,Saab Motors
DLR0169,SAIC Motor Motors
DLR0170,Saleen Motors
DLR0171,Samsung Motors
DLR0172,San Motors
DLR0173,Santa Matilde Motors
DLR0174,Santana Motors
DLR0175,Saturn Motors
DLR0176,Scion Motors
DLR0177,Seat Motors
DLR0178,Shelby SuperCars Motors
DLR0179,Simca Motors
DLR0180,Simca do Brasil Motors
DLR0181,Singer Motors
DLR0182,Skoda Motors
DLR0183,Smart Motors
DLR0184,Spyker Motors
DLR0185,SsangYong Motors
DLR0186,Standard-Triumph Motors
DLR0187,Studebaker Motors
DLR0188,Subaru Motors
DLR0189,Sunbeam Motors
DLR0190,Suzuki Motors
DLR0191,Tata Motors
DLR0192,Tatra Motors
DLR0193,Tazzari Motors
DLR0194,Tesla Motors
DLR0195,Tornado Motors
DLR0196,Toyota Motors
DLR0197,Toyota India Motors
DLR0198,Turner Motors
DLR0199,TVR Motors
DLR0200,UAZ Motors
DLR0201,Vauxhall Motors
DLR0202,Venturi Motors
DLR0203,Volkswagen Motors
DLR0204,Volkswagen do Brasil Motors
DLR0205,Volkswagen South Africa Motors
DLR0206,Volvo Motors
DLR0207,Westfield Motors
DLR0208,Wiesmann Motors
DLR0209,Zastava Motors
DLR0210,ZAZ Motors
DLR0211,ZIL Motors
DLR0212,
DLR0213,DKW Motors
DLR0214,Horch Motors
DLR0215,Wanderer Motors
DLR0216,Maybach  Motors
DLR0217,Izh  Motors
DLR0218,Lagonda  Motors
DLR0219,MG  Motors
DLR0220,Morris  Motors
DLR0221,Austin  Motors
DLR0222,Riley  Motors
DLR0223,Wolseley  Motors
DLR0224,Standard  Motors
DLR0225,Talbot  Motors
DLR0226,Das Motors
DLR0227,Ramani Motors
DLR0228,Deccan Motors
DLR0229,Herald Motors
DLR0230,Zion Automobils
DLR0231,Atlantic Motor Company
DLR0232,2008 NRHP-listed
DLR0233,Blankinship Motor Company Building
DLR0234,Bohn Motor Company Automobile Dealership
DLR0235,Buick Automobile Company Building
DLR0236,Cadillac Automobile Company Building
DLR0237,Casa de cadillac
DLR0238,Cass Motor Sales
DLR0239,Claremore Auto Dealership
DLR0240,Clemens Automobile Company Building
DLR0241,Colman Automotive Building
DLR0242,H Street Playhouse
DLR0243,Howard Motor Company Building
DLR0244,Hupmobile Building
DLR0245,Jennings Ford Automobile Dealership
DLR0246,Jones Motor Company
DLR0247,Kindel Building
DLR0248,AC Cars Motors
DLR0249,Acura Motors
DLR0250,Aixam-Mega (including Arola) Motors
DLR0251,Alfa Romeo Motors
DLR0252,Alpine Motors
DLR0253,Alvis Motors
DLR0254,"AMC, Eagle Motors"
DLR0255,Anadol Motors
DLR0256,Ariel Motors
DLR0257,ARO Motors
DLR0258,
DLR0259,Asia Motors Motors
DLR0260,Aston Martin Motors
DLR0261,Audi Motors
DLR0262,Autobianchi Motors
DLR0263,Auto-Union Motors
DLR0264,Auverland Motors
DLR0265,Bentley Motors
DLR0266,Bitter Motors
DLR0267,BMW Motors
